{
  "intents": [    
    {
      "tag": "perkenalan",
      "patterns": [
        "hallo",
        "hai",
        "halo",
        "hei",
        "hi",
        "hy"    
      ],
      "responses": [
        "Halo Kak! salam kenal ya! Mau tau tentang Masakan apa hari ini?"
      ]
    },
    {
      "tag": "RaSa",
      "patterns": [
        "apa itu rasa?",
        "apa itu rasa",
        "apa itu RaSa?",
        "apa itu RaSa",
        "Rasa",
        "RaSa",
        "rasa"       
      ],
      "responses": [
        "Hai! RaSa (Racikan Nusantara) merupakan sebuat chat bot yang terintegrasi dalam sebuah webb-app yang dibuat oleh kelompok NeXicon, web app ini menyediakan pelayanan seputar resep masakan yang ada di Nusantara dan khususnya di Jawa Tengah untuk saat ini. Kamu bisa menanyakan berbagai Resep Masakan yang nanti akan langsung dijawab oleh kami."       
      ]
    },
    {
      "tag": "Resep",
      "patterns": [
        "makanan khas jawa tengah",
        "ada apa saja disini",
        "resep masakan",
        "masakan nusantara",
        "resep yang ada",
        "resep yang tersedia",
        "disini ada apa aja",
        "Kuliner khas Jawa Tengah",
        "Variasi makanan dari Jawa Tengah",
        "Aneka hidangan Jawa Tengah",
        "Makanan tradisional Jawa Tengah",
        "Menu makanan khas dari Jawa Tengah",
        "Pilihan resep masakan Jawa Tengah",
        "Inspirasi masakan Jawa Tengah",
        "Kuliner unik dari Jawa Tengah",
        "Kuliner istimewa Jawa Tengah",
        "Citarasa masakan Nusantara",
        "Kelezatan masakan tradisional Nusantara",
        "Aneka resep masakan dari seluruh Nusantara",
        "Variasi hidangan khas Nusantara",
        "Menu masakan yang berasal dari Nusantara",
        "Pilihan resep masakan Nusantara",
        "Inspirasi masakan tradisional Nusantara",
        "Beragam hidangan Nusantara",
        "Daftar resep yang ada",
        "Koleksi resep yang tersedia",
        "Apa saja resep yang ada?",
        "Rekomendasi resep yang tersedia di sini"               
      ],
      "responses": [
        "beberapa masakan yang kami tawarkan untuk kamu : <br>1. Garang Asem  <br>2. Nasi Gandul  <br>3. Soto Kudus  <br>4. Nasi Grombyang  <br>5. Mie Ongklok  <br>6. Nasi Liwet  <br>7. Mangut Beong  <br>8. Sup Matahari  <br>9. Botok  <br>10. Brekecek"        
      ]
    },
    {
      "tag": "Garangasem",
      "patterns": [
        "resep garang asem", 
        "bagaimana cara membuat garang asem", 
        "bahan garang asem", 
        "buat garang asem",
        "Petunjuk memasak garang asem",
        "Langkah-langkah membuat garang asem",
        "Bumbu-bumbu untuk garang asem",
        "Cara mengolah garang asem",
        "Panduan garang asem",
        "Cara mempersiapkan garang asem",
        "Daftar bahan garang asem",
        "Instruksi untuk membuat garang asem",
        "Resep masakan garang asem",
        "Metode garang asem",
        "Langkah-langkah garang asem yang mudah",
        "Bumbu dapur untuk garang asem",
        "Tips membuat garang asem",
        "Instruksi sederhana garang asem",
        "Resep tradisional garang asem",
        "Cara praktis membuat garang asem",
        "Daftar komponen garang asem",
        "Teknik memasak garang asem",
        "Cara cepat garang asem",
        "Metode tradisional garang asem"
      ],
      "responses": [  
        "Garang asem <br> <img src=https://1.bp.blogspot.com/-5w63bi4HZgg/X6TTSpeDqjI/AAAAAAAAgQY/OAf1r2sxNdUzQPBTwP_dcDzQ6QEc2blKwCLcBGAsYHQ/s16000/2%25281%2529.png width=400 height=350 alt=Garangasem/>",      
        "Bahan : <br>1 kg ayam, 5 siung bawang putih, geprek halus Bumbu: 4 buah cabe ijo plompong, 2 lembar daun salam, 7 buah cabe rawit, 5 buah tomat hijau, potong-potong, 3 cm lengkuas, dan santan cair secukupnya.",
        "Cara memasak: <br>Rebus ayam hingga cukup empuk, Masukkan semua bumbu. Masak hingga ayam setengah matang, Tuang santan cair, beri gula dan garam secukupnya. Masak sampai matang dan siap disajikan.",
        "Tempat rekomendasi dari kami : RM Gasasa Garang Asem Sari Rasa (0291)442218 <a href= https://maps.app.goo.gl/G2qjQFh8TT38nZCPA?g_st=ic target= _blank > https://maps.app.goo.gl/G2qjQFh8TT38nZCPA?g_st=ic</a> "
      ]
    },
    {
      "tag": "sejarahGarangasem",
      "patterns": [
        "apa itu garang asem", 
        "garang asem", 
        "Bagaimana sejarah garangasem",
        "Pengertian garang asem",
        "Apakah yang dimaksud dengan garang asem?",
        "Penjelasan tentang garang asem",
        "Definisi garang asem",
        "Informasi mengenai garang asem",
        "Mengenal lebih jauh tentang garang asem",
        "Apa garang asem itu?",
        "Mengapa garang asem populer?",
        "Garang asem: Apa yang perlu Anda ketahui?",
        "Panduan lengkap mengenai garang asem",
        "Apa rahasia di balik garang asem?",
        "Garang asem dalam perspektif kuliner",
        "Asal-usul dan keunikan garang asem",
        "Segarkan lidah dengan garang asem",
        "Garang asem: Citraan kuliner yang menggugah selera",
        "Temukan kelezatan garang asem",
        "Fakta menarik tentang garang asem",
        "Terinspirasi oleh kelezatan garang asem",
        "Mencicipi keunikan garang asem",
        "Menelusuri sejarah garang asem"
      ],
      "responses": [
        "Ada dua cerita mengenai asal mula nama Garang Asem ini. Pertama, Garang Asem dipercaya diambil dari nama desa di Kudus yaitu Desa Garang. Kedua, dinamakan Garang Asem karena makanan tersebut pedas (garang) dan asam (asem). Garang Asem merupakan makanan mewah untuk kalangan bangsawan. Hal tersebut karena daging ayam kampung yang harganya mahal."        
      ]
    },    
    {
      "tag": "Nasigandul",
      "patterns": [
        "resep nasi Gandul", 
        "bagaimana cara membuat nasi Gandul", 
        "bahan nasi Gandul",
        "buat nasi Gandul",
        "Petunjuk memasak nasi Gandul",
        "Langkah-langkah membuat nasi Gandul",
        "Bumbu-bumbu untuk nasi Gandul",
        "Cara mengolah nasi Gandul",
        "Panduan nasi Gandul",
        "Cara mempersiapkan nasi Gandul",
        "Daftar bahan nasi Gandul",
        "Instruksi untuk membuat nasi Gandul",
        "Resep masakan nasi Gandul",
        "Metode nasi Gandul",
        "Langkah-langkah nasi Gandul yang mudah",
        "Bumbu dapur untuk nasi Gandul",
        "Tips membuat nasi Gandul",
        "Instruksi sederhana nasi Gandul",
        "Resep tradisional nasi Gandul",
        "Cara praktis membuat nasi Gandul",
        "Daftar komponen nasi Gandul",
        "Teknik memasak nasi Gandul",
        "Cara cepat nasi Gandul",
        "Metode tradisional nasi Gandul",
        "Panduan lengkap nasi Gandul"
      ],
      "responses": [
        "Nasi gandul<br> <img src=https://tse1.mm.bing.net/th?id=OIP.4u8olqtQiyksUSSQOvoxQgAAAA&pid=Api&P=0&h=180 width=400 height=350 alt=Nasi Gandul",
        "Bahan : <br>500 gram daging sapi, 2 batang serai, garam dan kecap manis secukupnya, 2 cm lengkuas, 2 lembar salam, jeruk nipis, kaldu jamur secukupnya, 1 sdm gula jawa, 1,5 liter santan kelapa, bawang goreng. Bumbu halus: 10 butir bawang merah, 6 butir kemiri, 1/2 sdt merica bubuk, 4 siung bawang putih, 2 buah kluwak, 1/4 sdt jinten, 2 cm kencur, 1/2 sdt ketumbar sangrai",
        "Cara memasak: <br>Rebus daging sampai empuk. Tumis bumbu halus, masukkan serai, lengkuas, dan daun salam. Masukkan daging, masak hingga daging berubah warna. Tuang air 2 liter dan santan kelapa. Beri gula jawa, garam, kaldu jamur, dan kecap manis. Masak dengan api kecil hingga bumbu meresap.",
        "Tempat rekomendasi dari kami : Nasi Gandul Khas Pati <a href= https://maps.app.goo.gl/LGRMaX5Fz8EVpKaM9?g_st=ic target= _blank > https://maps.app.goo.gl/LGRMaX5Fz8EVpKaM9?g_st=ic</a> "
      ]
    },
    {
      "tag": "sejarahNasigandul",
      "patterns": [
        "nasi Gandul", 
        "apa itu nasi Gandul", 
        "Bagaimana sejarah Nasi gandul",
        "Pengertian nasi Gandul",
        "Apa yang dimaksud dengan nasi Gandul?",
        "Penjelasan tentang nasi Gandul",
        "Definisi nasi Gandul",
        "Informasi mengenai nasi Gandul",
        "Mengenal lebih jauh tentang nasi Gandul",
        "Apa nasi Gandul itu?",
        "Mengapa nasi Gandul populer?",
        "Nasi Gandul: Apa yang perlu Anda ketahui?",
        "Sejarah dan keunikan nasi Gandul",
        "Panduan lengkap mengenai nasi Gandul",
        "Apa rahasia di balik nasi Gandul?",
        "Nasi Gandul dalam perspektif kuliner",
        "Asal-usul dan perkembangan nasi Gandul",
        "Nasi Gandul: Citraan kuliner yang menggugah selera",
        "Menikmati kelezatan nasi Gandul",
        "Fakta menarik tentang nasi Gandul",
        "Terinspirasi oleh kelezatan nasi Gandul",
        "Mencicipi keunikan nasi Gandul",
        "Menelusuri sejarah nasi Gandul",
        "Eksplorasi kuliner: nasi Gandul"
      ],
      "responses": [
        "Nasi gandul berawal dari kata Gandul adalah kata dalam bahasa Jawa yang berarti menggantung. Tapi bukan nasinya yang disajikan menggantung, melainkan cara berjualannya. Jadi, konon dulu penjual nasi gandul di Pati menjajakan dagangannya dengan digantung pada pikulan. Nah, dari situlah kemudian muncul nama NASI GANDUL."
      ]
    },
    {
      "tag": "SotoKudus",
      "patterns": [
        "Resep Soto Kudus", 
        "Bagaimana cara membuat Soto Kudus", 
        "Bahan Soto Kudus", 
        "buat Soto Kudus",
        "Petunjuk memasak Soto Kudus",
        "Langkah-langkah membuat Soto Kudus",
        "Bumbu-bumbu untuk Soto Kudus",
        "Cara mengolah Soto Kudus",
        "Panduan Soto Kudus",
        "Cara mempersiapkan Soto Kudus",
        "Daftar bahan Soto Kudus",
        "Instruksi untuk membuat Soto Kudus",
        "Resep masakan Soto Kudus",
        "Metode Soto Kudus",
        "Langkah-langkah Soto Kudus yang mudah",
        "Bumbu dapur untuk Soto Kudus",
        "Tips membuat Soto Kudus",
        "Instruksi sederhana Soto Kudus",
        "Resep tradisional Soto Kudus",
        "Cara praktis membuat Soto Kudus",
        "Daftar komponen Soto Kudus",
        "Teknik memasak Soto Kudus",
        "Cara cepat Soto Kudus",
        "Metode tradisional Soto Kudus",
        "Panduan lengkap Soto Kudus"
      ],
      "responses":[
        "Soto Kudus<br> <img src=https://img-global.cpcdn.com/recipes/8a033c44bfa31900/751x532cq70/soto-kudus-foto-resep-utama.jpg width=400 height=350 alt=Soto Kudus",
        "Bahan : <br>1 batang sereh, 2 lembar daun jeruk, 1 tangkai daun bawang, 3 lembar daun salam, gula mera secukupnya, 1 tomat, 2 cabai merah besar, Royco sapi, air secukupnya. Bumbu halus : 1 sdt garam, 3 biji kemiri, 7 cabai rawit, 1 cabai merah, 4 siung bawang merah, sejumput lada, 3 siung bawang putih, 2 cm kunyit, 2 cm jahe.",
        "Cara memasak : <br>Goreng ikan dan sisihkan. Sangrai kemiri, kunyit, bawang putih, dan jahe. Tumis bumbu halus, masukan gula merah dan tomat dan aduk hingga bumbu matang serta tuang air secukupnya. Masukkan daun jeruk, daun bawang, irisan cabai merah besar, dan daun bawang. Masukan ikan, aduk sampai mendidih. Tambahkan Royko sapi.",
        "Tempat rekomendasi dari kami : Soto Kudus Pak Haji Sulichan 0852-2626-7777 <a href= https://maps.app.goo.gl/WUqFCjr2dPmWnL9s5?g_st=ic target= _blank > https://maps.app.goo.gl/WUqFCjr2dPmWnL9s5?g_st=ic</a>"
      ]
    },
    {
      "tag": "sejarahSotoKudus",
      "patterns": [
        "Soto Kudus", 
        "apa itu Soto Kudus", 
        "Bagaimana sejarah Soto Kudus",
        "Pengertian Soto Kudus",
        "Apa yang dimaksud dengan Soto Kudus?",
        "Penjelasan tentang Soto Kudus",
        "Definisi Soto Kudus",
        "Informasi mengenai Soto Kudus",
        "Mengenal lebih jauh tentang Soto Kudus",
        "Apa Soto Kudus itu?",
        "Mengapa Soto Kudus populer?",
        "Soto Kudus: Apa yang perlu Anda ketahui?",
        "Sejarah dan keunikan Soto Kudus",
        "Panduan lengkap mengenai Soto Kudus",
        "Apa rahasia di balik Soto Kudus?",
        "Soto Kudus dalam perspektif kuliner",
        "Asal-usul dan perkembangan Soto Kudus",
        "Soto Kudus: Citraan kuliner yang menggugah selera",
        "Menikmati kelezatan Soto Kudus",
        "Fakta menarik tentang Soto Kudus",
        "Terinspirasi oleh kelezatan Soto Kudus",
        "Mencicipi keunikan Soto Kudus",
        "Menelusuri sejarah Soto Kudus",
        "Eksplorasi kuliner: Soto Kudus"
      ],
      "responses":[
        "Soto Kudus berasal dari kota Kudus. Soto Kudus berisi suwiran ayam, dan daging kerbau. Soto kudus tidak ada yang menggunakan daging sapi karena penghormatan muslim Kudus terhadap agama Hindu, yang mana sapi adalah hewan yang mereka anggap suci. Namun hal ini hanya sebatas anjuran yang berasal dari Sunan Kudus. Sehingga ciri khasnya dari Soto Kudus yaitu tidak menggunakan daging sapi."
      ]
    },
    {
      "tag": "NasiGrombyang",
      "patterns": [
        "Resep Nasi Grombyang", 
        "Bagaimana cara membuat Nasi Grombyang", 
        "Bahan Nasi Grombyang", 
        "Buat Nasi Grombyang",
        "Petunjuk memasak Nasi Grombyang",
        "Langkah-langkah membuat Nasi Grombyang",
        "Bumbu-bumbu untuk Nasi Grombyang",
        "Cara mengolah Nasi Grombyang",
        "Panduan Nasi Grombyang",
        "Cara mempersiapkan Nasi Grombyang",
        "Daftar bahan Nasi Grombyang",
        "Instruksi untuk membuat Nasi Grombyang",
        "Resep masakan Nasi Grombyang",
        "Metode Nasi Grombyang",
        "Langkah-langkah Nasi Grombyang yang mudah",
        "Bumbu dapur untuk Nasi Grombyang",
        "Tips membuat Nasi Grombyang",
        "Instruksi sederhana Nasi Grombyang",
        "Resep tradisional Nasi Grombyang",
        "Cara praktis membuat Nasi Grombyang",
        "Daftar komponen Nasi Grombyang",
        "Teknik memasak Nasi Grombyang",
        "Cara cepat Nasi Grombyang",
        "Metode tradisional Nasi Grombyang",
        "Panduan lengkap Nasi Grombyang"
      ],
      "responses":[
        "Nasi Grombyang<br> <img src=https://www.topwisata.info/wp-content/uploads/2021/11/Nasi-Grombyang-1-930x620.jpg width=400 height=350 alt=Nasi Grombyang",
        "Bahan : <br>200 gram babat sapi direbus dan dipotong-potong, 2.500 ml air, 2 lembar daun salam, 150 gram usus sapi, direbus, dipotong-potong, 300 gram daging tetelan, 1 sendok teh gula pasir, 2 batang serai, diambil putihnya dan dimemarkan, 2 batang daun bawang dan diiris 1 cm, 3 sdt merah, 1/4 sdt garam, 3 sdm minyak untuk menumis. Bumbu halus : 1 sdt ketumbar, 2 buah keluwek dan diseduh, 1/2 sdt merica, 8 butir bawang merah, 3 siung bawang putih, 2 cm kunyit, dibakar, 100 gram kelapa parut dan disangrai, 1 cm jahe, dibakar. Bahan sambal : 10 buah cabai rawit hijau, 1/4 sdt garam, 2 siung bawang putih, 1/4 sdt gula pasir. Pelengkap : 1.000 gram nasi putih, 2 sdm bawang merah goreng, 3 lembar kubis dan diiris.",
        "Cara memasak: <br>Rebus tetelan, serai, dan daun salam sampai matang. Tumis bumbu halus. Tuang ke dalam rebusan daging. Masukkan babat, usus, gula merah, dan garam. Sebelum diangkat, beri daun bawang. Aduk rata. Untuk sambalnya, rebus cabai rawit dan bawang putih. Angkat. Beri garam dan gula pasir. Uleg ",
        "Tempat rekomendasi dari kami : Nasi Grombyang Bpk. H. Warso <a href= https://maps.app.goo.gl/M8i65wA4HSibR9tUA?g_st=ic target= _blank > https://maps.app.goo.gl/M8i65wA4HSibR9tUA?g_st=ic</a> "
      ]
    },
    {
      "tag": "sejarahNasiGrombyang",
      "patterns": [
        "Nasi Grombyang", 
        "apa itu Nasi Grombyang", 
        "Bagaimana sejarah Nasi Grombyang",
        "Pengertian Nasi Grombyang",
        "Apa itu Nasi Grombyang?",
        "Apa yang dimaksud dengan Nasi Grombyang?",
        "Penjelasan tentang Nasi Grombyang",
        "Definisi Nasi Grombyang",
        "Informasi mengenai Nasi Grombyang",
        "Mengenal lebih jauh tentang Nasi Grombyang",
        "Apa rahasia di balik Nasi Grombyang?",
        "Keunikan dan sejarah Nasi Grombyang",
        "Asal-usul Nasi Grombyang",
        "Sejarah Nasi Grombyang",
        "Mengungkap sejarah Nasi Grombyang",
        "Fakta menarik tentang Nasi Grombyang",
        "Nasi Grombyang dalam perspektif kuliner",
        "Menikmati kelezatan Nasi Grombyang",
        "Nasi Grombyang: Sejarah dan keunikan",
        "Mendalami sejarah Nasi Grombyang",
        "Panduan sejarah Nasi Grombyang",
        "Menggali asal-usul Nasi Grombyang",
        "Eksplorasi kuliner: Nasi Grombyang",
        "Perjalanan Nasi Grombyang dalam sejarah"
      ],
      "responses":[
        "Nasi grombyang diambil dari bahasa Pemalang. Grombyang artinya mengapung di permukaan atau bergoyang – goyang. Makanan khas ini diberi nama grombyang karena disajikan dengan takaran kuah yang lebih banyak dibandingkan dengan nasinya sehingga nasi akan mengapung dan bergoyang goyang."
      ]
    },
    {
      "tag": "MieOngklok",
      "patterns":[
        "Resep Mie Ongklok", 
        "Bagaimana cara membuat Mie Ongklok", 
        "Bahan Mie Ongklok", 
        "Buat Mie Ongklok",
        "Petunjuk memasak Mie Ongklok",
        "Langkah-langkah membuat Mie Ongklok",
        "Bumbu-bumbu untuk Mie Ongklok",
        "Cara mengolah Mie Ongklok",
        "Panduan Mie Ongklok",
        "Cara mempersiapkan Mie Ongklok",
        "Daftar bahan Mie Ongklok",
        "Instruksi untuk membuat Mie Ongklok",
        "Resep masakan Mie Ongklok",
        "Metode Mie Ongklok",
        "Langkah-langkah Mie Ongklok yang mudah",
        "Bumbu dapur untuk Mie Ongklok",
        "Tips membuat Mie Ongklok",
        "Instruksi sederhana Mie Ongklok",
        "Resep tradisional Mie Ongklok",
        "Cara praktis membuat Mie Ongklok",
        "Daftar komponen Mie Ongklok",
        "Teknik memasak Mie Ongklok",
        "Cara cepat Mie Ongklok",
        "Metode tradisional Mie Ongklok",
        "Panduan lengkap Mie Ongklok"
      ],
      "responses":[
        "Mie Ongklok<br> <img src=https://img-global.cpcdn.com/recipes/b852fbd106b528dd/680x482cq70/mie-ongklok-wonosobo-foto-resep-utama.jpg width=400 height=350 alt=Mie Ongklok",
        "Bahan : <br>200 gram mie kuning, rebus sebentar, tiriskan. 50 gram kol. 1 sdm saus tiram. 1 sdm tepung maizena, larutkan dengan air. 500 ml kaldu sapi batang daun bawang, iris tipis. 2 sdm kecap manis. minyak secukupnya. Bumbu halus : 3 siung bawang putih. 1 sdm ebi kering. 3 siung bawang merah. garam dan gula secukupnya. 1/4 sdt merica bubuk",
        "Cara memasak : <br>Tumis bumbu halus, tuang saus tiram dan kecap manis, aduk rata. Tuang kaldu sapi, masak hingga mendidih. Beri gula, garam secukupnya, dan tuang larutan maizena. Aduk sampai kental. Tata mie dan kubis di mangkuk. Tuang kuah kaldu, taburi dengan daun bawang dan bawang goreng.",
        "Tempat Rekomendasi dari kami : Mie Ongklok Bu Umi <a href= https://maps.app.goo.gl/5ve59rRLsiwL2ajk9?g_st=ic target= _blank > https://maps.app.goo.gl/5ve59rRLsiwL2ajk9?g_st=ic</a>"
      ]
    },
    {
      "tag": "sejarahMieOngklok",
      "patterns":[
        "Mie Ongklok", 
        "apa itu Mie Ongklok", 
        "Bagaimana sejarah Mie Ongklok",
        "Pengertian Mie Ongklok",
        "Apa itu Mie Ongklok?",
        "Apa yang dimaksud dengan Mie Ongklok?",
        "Penjelasan tentang Mie Ongklok",
        "Definisi Mie Ongklok",
        "Informasi mengenai Mie Ongklok",
        "Mengenal lebih jauh tentang Mie Ongklok",
        "Apa rahasia di balik Mie Ongklok?",
        "Keunikan dan sejarah Mie Ongklok",
        "Asal-usul Mie Ongklok",
        "Sejarah Mie Ongklok",
        "Mengungkap sejarah Mie Ongklok",
        "Fakta menarik tentang Mie Ongklok",
        "Mie Ongklok dalam perspektif kuliner",
        "Menikmati kelezatan Mie Ongklok",
        "Mie Ongklok: Sejarah dan keunikan",
        "Mendalami sejarah Mie Ongklok",
        "Panduan sejarah Mie Ongklok",
        "Menggali asal-usul Mie Ongklok",
        "Eksplorasi kuliner: Mie Ongklok",
        "Perjalanan Mie Ongklok dalam sejarah"
      ],
      "responses":[
        "Mie ongklok berasal dari pencipta resep makanan lezat ini yang bernama Pak Muhadi. Yaitu seorang juru masak sebuah warung makan bakmi. Konon, Pak Muhadi menciptakan resep mie ongklok ini secara tidak sengaja, dimana pada saat itu pak Muhadi tidak lagi bekerja di warung bakmi."
      ]
    },
    {
      "tag": "NasiLiwet",
      "patterns":[
        "Resep Nasi Liwet", 
        "Bagaimana cara membuat Nasi Liwet", 
        "Bahan Nasi Liwet", 
        "Buat Nasi Liwet",
        "Petunjuk memasak Nasi Liwet",
        "Cara membuat Nasi Liwet",
        "Bahan-bahan Nasi Liwet",
        "Langkah-langkah Nasi Liwet",
        "Panduan lengkap Nasi Liwet",
        "Cara memasak Nasi Liwet",
        "Daftar bahan Nasi Liwet",
        "Resep Nasi Liwet",
        "Tahap pembuatan Nasi Liwet",
        "Cara mengolah Nasi Liwet",
        "Bumbu dan rempah Nasi Liwet",
        "Tips membuat Nasi Liwet",
        "Instruksi sederhana Nasi Liwet",
        "Resep tradisional Nasi Liwet",
        "Cara praktis membuat Nasi Liwet",
        "Bahan-bahan yang diperlukan untuk Nasi Liwet",
        "Teknik memasak Nasi Liwet",
        "Cara mudah membuat Nasi Liwet",
        "Metode tradisional Nasi Liwet",
        "Petunjuk praktis Nasi Liwet",
        "Cara menghasilkan Nasi Liwet yang enak"
      ], 
      "responses":[
        "Nasi Liwet<br> <img src=https://awsimages.detik.net.id/community/media/visual/2021/01/09/nasi-liwet-komplet-1_43.png?w=700&q=90 width=400 height=350 alt=Nasi Liwet",
        "Bahan : <br>800 gram beras. 15 gram daun salam. 1.600 cc santan encer. 3 butir telur ayam. 800 gram ayam kampung, dipotong 6. 400 cc santan kentan. ampas kelapa parut. 3 sdt garam. 40 gram bawang merah, iris tipis.",
        "Cara memasak : <br>Didihkan santan, masukkan 3 lembar daun salam dan 1 sdt garam. Tunggu hingga pati santan kental. Ambil pati santan, angkat santan bening. Campurkan dengan 1.600 cc santan encer. Rebus ayam di dalam 1.000 cc santan encer. Masukkan 5 lembar daun salam, 1 sdt garam, dan bawang merah iris. Setelah ayam empuk, angkat lalu suwir-suwir. Tuang sisa santan perebus ayam pada sisa santan encer. Rendam beras selama 1 jam, cuci, dan tiriskan. Kukus 15 sampai 20 menit hingga setengah masak, angkat, pindahkan ke dalam panci. Tuang 800-1.000 cc sisa santan. Beri 1 sdt garam dan 4-7 lembar daun salam. Masak hingga santan meresap ke beras. Angkat lalu kukus nasi. Kocok telur dengan 3 sdm santan. Beri 1/4 sdt garam. Kukus dalam wadah selama 15-20 menit, angkat, potong-potong sesuai selera.",
        "Tempat rekomendasi dari kami :  Nasi Liwet Khas Solo Mbak Kartini 0857-2807-6077 <a href= https://maps.app.goo.gl/nKUoNaekcKR6QeQN8?g_st=ic target= _blank > https://maps.app.goo.gl/nKUoNaekcKR6QeQN8?g_st=ic</a> "
      ]
    },
    {
      "tag": "sejarahNasiLiwet",
      "patterns":[
        "Nasi Liwet", 
        "apa itu Nasi Liwet", 
        "Bagaimana sejarah Nasi Liwet",
        "Pengertian Nasi Liwet",
        "Apa yang dimaksud dengan Nasi Liwet?",
        "Penjelasan tentang Nasi Liwet",
        "Definisi Nasi Liwet",
        "Informasi mengenai Nasi Liwet",
        "Mengenal lebih jauh tentang Nasi Liwet",
        "Apa Nasi Liwet itu?",
        "Mengapa Nasi Liwet populer?",
        "Nasi Liwet: Apa yang perlu Anda ketahui?",
        "Sejarah dan keunikan Nasi Liwet",
        "Panduan lengkap mengenai Nasi Liwet",
        "Apa rahasia di balik Nasi Liwet?",
        "Nasi Liwet dalam perspektif kuliner",
        "Asal-usul dan perkembangan Nasi Liwet",
        "Nasi Liwet: Citraan kuliner yang menggugah selera",
        "Menikmati kelezatan Nasi Liwet",
        "Fakta menarik tentang Nasi Liwet",
        "Terinspirasi oleh kelezatan Nasi Liwet",
        "Mencicipi keunikan Nasi Liwet",
        "Menelusuri sejarah Nasi Liwet",
        "Eksplorasi kuliner: Nasi Liwet"
      ], 
      "responses":[
        "Nasi liwet berasal dari masyarakat desa Menuran, Kabupaten Sukoharjo yang menjual nasi liwet seperti makanan yang pada umumnya dijual saat itu. Namun tak disangka penggemar nasi liwet ini semakin lama semakin banyak dan kini menjadi salah satu menu andalan masyarakat Solo."
      ]
    },
    {
      "tag": "MangutBeong",
      "patterns":[
        "Resep Mangut Beong", 
        "Bagaimana cara membuat Mangut Beong", 
        "Bahan Mangut Beong", 
        "Buat Mangut Beong",
        "Petunjuk memasak Mangut Beong",
        "Langkah-langkah membuat Mangut Beong",
        "Bahan-bahan untuk Mangut Beong",
        "Cara mengolah Mangut Beong",
        "Panduan Mangut Beong",
        "Cara mempersiapkan Mangut Beong",
        "Daftar bahan Mangut Beong",
        "Instruksi untuk membuat Mangut Beong",
        "Resep masakan Mangut Beong",
        "Metode Mangut Beong",
        "Langkah-langkah Mangut Beong yang mudah",
        "Bumbu dapur untuk Mangut Beong",
        "Tips membuat Mangut Beong",
        "Instruksi sederhana Mangut Beong",
        "Resep tradisional Mangut Beong",
        "Cara praktis membuat Mangut Beong",
        "Daftar komponen Mangut Beong",
        "Teknik memasak Mangut Beong",
        "Cara cepat Mangut Beong",
        "Metode tradisional Mangut Beong",
        "Panduan lengkap Mangut Beong"
      ],
      "responses":[
        "Mangut Beong<br> <img src=https://www.herworld.co.id/gallery/images/makanankhasjawaikanapagitu.jpg width=400 height=350 alt=Mangut Beong",
        "Bahan : <br>1 kg mangut. garam secukupnya. 2 buah jeruk lemon. 500 cc santan sedang kentalnya. 1 batang serai dimemarkan. 3 lembar daun jeruk. gula merah secukupnya. 10 buah cabe rawit. Bumbu halus : 5 siung bawang merah. 5 buah cabe merah. 2 siung bawang putih. 2 cm jahe. 2 cm kencur. 2 cm kunyit. garam secukupnya",
        "Cara memasak : <br>Kerat-kerat ikan, goreng ikan hingga matang. Tumis bumbu halus, masukkan lengkuas, daun keruk, dan serai. Tuang santan, aduk hingga mendidih. Masukkan ikan, aduk hingga bumbu meresap kedalam ikan. Sebelum diangkat, masukkan cabai rawit lalu masak sebentar hingga layu.",
        "Tempat Rekomendasi dari kami : Warung Makan MANGUT BEONG DAN SOTO <a href= https://maps.app.goo.gl/v1sw6G7VE4nUYKLKA?g_st=ic  target= _blank > https://maps.app.goo.gl/v1sw6G7VE4nUYKLKA?g_st=ic </a> "
      ]
    },
    {
      "tag": "sejarahMangutBeong",
      "patterns":[
        "Mangut Beong", 
        "apa itu Mangut Beong", 
        "Bagaimana sejarah Mangut Beong",
        "Pengertian Mangut Beong",
        "Apa itu Mangut Beong?",
        "Apa yang dimaksud dengan Mangut Beong?",
        "Penjelasan tentang Mangut Beong",
        "Definisi Mangut Beong",
        "Informasi mengenai Mangut Beong",
        "Mengenal lebih jauh tentang Mangut Beong",
        "Apa rahasia di balik Mangut Beong?",
        "Keunikan dan sejarah Mangut Beong",
        "Asal-usul Mangut Beong",
        "Sejarah Mangut Beong",
        "Mengungkap sejarah Mangut Beong",
        "Fakta menarik tentang Mangut Beong",
        "Mangut Beong dalam perspektif kuliner",
        "Menikmati kelezatan Mangut Beong",
        "Mangut Beong: Sejarah dan keunikan",
        "Mendalami sejarah Mangut Beong",
        "Panduan sejarah Mangut Beong",
        "Menggali asal-usul Mangut Beong",
        "Eksplorasi kuliner: Mangut Beong",
        "Perjalanan Mangut Beong dalam sejarah"
      ],
      "responses":[
        "Mangut Beong merupakan makanan khas Kabupaten Magelang, Jawa Tengah. Mangut adalah salah satu jenis masakan seperti gulai namun lebih encer dan pedas. Biasanya ikan air tawarlah yang diolah menjadi mangut. Sedangkan Beong adalah ikan endemik yang hanya bisa ditemukan di sungai Progo. Beong ini diproses dengan digoreng garing terlebih dahulu baru dimasukkan ke kuah super pedas hingga bumbunya meresap"
      ]
    },
    {
      "tag": "SupMatahari",
      "patterns":[
        "Resep Sup Matahari", 
        "Bagaimana cara membuat Sup Matahari", 
        "Bahan Sup Matahari", 
        "Buat Sup Matahari",
        "Petunjuk memasak Sup Matahari",
        "Langkah-langkah membuat Sup Matahari",
        "Bahan-bahan untuk Sup Matahari",
        "Cara mengolah Sup Matahari",
        "Panduan Sup Matahari",
        "Cara mempersiapkan Sup Matahari",
        "Daftar bahan Sup Matahari",
        "Instruksi untuk membuat Sup Matahari",
        "Resep masakan Sup Matahari",
        "Metode Sup Matahari",
        "Langkah-langkah Sup Matahari yang mudah",
        "Bumbu dapur untuk Sup Matahari",
        "Tips membuat Sup Matahari",
        "Instruksi sederhana Sup Matahari",
        "Resep tradisional Sup Matahari",
        "Cara praktis membuat Sup Matahari",
        "Daftar komponen Sup Matahari",
        "Teknik memasak Sup Matahari",
        "Cara cepat Sup Matahari",
        "Metode tradisional Sup Matahari",
        "Panduan lengkap Sup Matahari"
      ],
      "responses":[
        "Sup Matahari<br> <img src=https://img-global.cpcdn.com/recipes/2d6158c1ba2e9d62/680x482cq70/sup-matahari-khas-solo-foto-resep-utama.jpg width=400 height=350 alt=Sup Matahari",
        "Bahan : <br>3 butir telur ayam. wortel. 3 bawang putih. 1/4 kg ayam cincang. daun bawang. kaleng kapri. jagung pipil. 1/2 bawang bombay. garam dan gula pasir. merica. Royco ayam. 1 bungkus tepung bumbu",
        "Cara memasak : <br>Buat telur dadar dari 2 buah telur dan sisihkan. Potong wortel kecil-kecil. Kukus bersama jagung pipil hingga matang. Campur ayam giling dengan tepung bumbu, telur, daun bawang, aduk rata. Ambil 1 dadaran telur, isi dengan adonan ayam tadi. Kukus kurang lebih 30 menit. Tumis irisan bawang bombay, bawang putih halus, merica, dan garam. Tuang air. Masukkan Royco dan sedikit gula pasir.",
        "Tempat Rekomendasi dari kami : Selat Solo Tenda Biru - Dr. Wahidin 0821-3665-9778 <a href= https://maps.app.goo.gl/eDWu4y83vtPuC7MM8?g_st=ic  target= _blank > https://maps.app.goo.gl/eDWu4y83vtPuC7MM8?g_st=ic </a> "
      ]
    },
    {
      "tag": "sejarahSupMatahari",
      "patterns":[
        "Sup Matahari", 
        "Apa Itu Sup Matahari", 
        "Bagaimana sejarah Sup Matahari",
        "Pengertian Sup Matahari",
        "Apa yang dimaksud dengan Sup Matahari?",
        "Penjelasan tentang Sup Matahari",
        "Definisi Sup Matahari",
        "Informasi mengenai Sup Matahari",
        "Mengenal lebih jauh tentang Sup Matahari",
        "Apa Sup Matahari itu?",
        "Mengapa Sup Matahari populer?",
        "Sup Matahari: Apa yang perlu Anda ketahui?",
        "Sejarah dan keunikan Sup Matahari",
        "Panduan lengkap mengenai Sup Matahari",
        "Apa rahasia di balik Sup Matahari?",
        "Sup Matahari dalam perspektif kuliner",
        "Asal-usul dan perkembangan Sup Matahari",
        "Sup Matahari: Citraan kuliner yang menggugah selera",
        "Menikmati kelezatan Sup Matahari",
        "Fakta menarik tentang Sup Matahari",
        "Terinspirasi oleh kelezatan Sup Matahari",
        "Mencicipi keunikan Sup Matahari",
        "Menelusuri sejarah Sup Matahari",
        "Eksplorasi kuliner: Sup Matahari"
      ],
      "responses":[
        "Sup Matahari adalah salah satu menu masakan tradisional yang berasal dari kota Surakarta atau saat ini bernama Solo. Sup matahari juga dikenal dengan nama sup bunga matahari dikarenakan penyajiannya yang mirip dengan bunga matahari. Bagi masyarakat Solo, sup matahari mengandung filosofi berupa harapan bagi kedua pasangan yang akan segera menikah. Itulah mengapa masakan ini kerapkali hadir di acara pernikahan, dengan harapan kehidupan setelah pernikahan akan diberikan sinar kemudahan dalam menjalani rumah tangga."
      ]
    },
    {
      "tag": "Botok",
      "patterns":[
        "Resep Botok", 
        "Bagaimana cara membuat Botok", 
        "Bahan Botok", 
        "Buat Botok",
        "Petunjuk memasak Botok",
        "Cara membuat Botok",
        "Bahan-bahan Botok",
        "Langkah-langkah Botok",
        "Panduan lengkap Botok",
        "Cara memasak Botok",
        "Daftar bahan Botok",
        "Resep Botok",
        "Tahap pembuatan Botok",
        "Cara mengolah Botok",
        "Bumbu dan rempah Botok",
        "Tips membuat Botok",
        "Instruksi sederhana Botok",
        "Resep tradisional Botok",
        "Cara praktis membuat Botok",
        "Bahan-bahan yang diperlukan untuk Botok",
        "Teknik memasak Botok",
        "Cara mudah membuat Botok",
        "Metode tradisional Botok",
        "Petunjuk praktis Botok",
        "Cara menghasilkan Botok yang enak"
      ],
      "responses":[
        "Botok<br> <img src=https://www.ngopibareng.id/images/uploads/2022/2022-04-26/resep-botok-untuk-menu-buka-puasa-praktis-dan-sederhana-2--thumbnail-263 width=400 height=350 alt=Botok",
        "Bahan: <br>3 genggam daun sembukan, 1 buah kelapa muda kemudian parut, 200 gram lamtoro, Garam, 3 genggam daun beluntas, Gula pasir, 20 buah cabai rawit merah, Kaldu bubuk secukupnya. Bumbu halus: 2 ruas kencur, 7 siung bawang putih, 8 siung bawang merah, 10 buah cabai rawit merah, Bahan lain: Daun pisang sebagai pembungkus, Lidi.",
        "Cara memasak: <br>Cuci bersih lamtoro daun beluntas dan daun sembukan lalu tiriskan, Iris-iris daun beluntas dan daun sembukan, Campurkan kelapa parut dengan bumbu halus, aduk rata, Beri garam, gula pasir, dan kaldu bubuk secukupnya, Masukkan daun beluntas, daun sembukan, dan lamtoro, Ambil selembar daun pisang, beri beberapa sendok campuran botok lamtoro, beri cabai rawit merah di atasnya, Sematkan permukaan dengan lidi, Kukus selama 20-25 menit hingga matang",
        "Tempat rekomendasi dari kami : Rumah Makan H. Ismun (Botok) 0811-2828-474 <a href= https://maps.app.goo.gl/NrfdBUwujETWAYwe6?g_st=ic  target= _blank > https://maps.app.goo.gl/NrfdBUwujETWAYwe6?g_st=ic </a>"
      ]
    },
    {
      "tag": "sejarahBotok",
      "patterns":[
        "Botok", 
        "Apa Itu Botok", 
        "Bagaimana sejarah Botok",
        "Pengertian Botok",
        "Apa yang dimaksud dengan Botok?",
        "Penjelasan tentang Botok",
        "Definisi Botok",
        "Informasi mengenai Botok",
        "Mengenal lebih jauh tentang Botok",
        "Apa Botok itu?",
        "Mengapa Botok populer?",
        "Botok: Apa yang perlu Anda ketahui?",
        "Sejarah dan keunikan Botok",
        "Panduan lengkap mengenai Botok",
        "Apa rahasia di balik Botok?",
        "Botok dalam perspektif kuliner",
        "Asal-usul dan perkembangan Botok",
        "Botok: Citraan kuliner yang menggugah selera",
        "Menikmati kelezatan Botok",
        "Fakta menarik tentang Botok",
        "Terinspirasi oleh kelezatan Botok",
        "Mencicipi keunikan Botok",
        "Menelusuri sejarah Botok",
        "Eksplorasi kuliner: Botok"
      ],
      "responses":[
        "Botok adalah salah satu masakan populer di Pulau Jawa yang terbuat dari parutan kelapa dengan aneka bumbu dan rempah spesial. Parutan kelapa itu biasanya dicampur dengan aneka protein hewani maupun nabati, seperti tahu, tempe, ayam, maupun ikan. Makanan ini juga tertulis di Kitab Dewaruci."
      ]
    },
    {
      "tag": "Brekecek",
      "patterns":[
        "Resep Brekecek", 
        "Bagaimana cara membuat Brekecek", 
        "Bahan Brekecek", 
        "Buat Brekecek",
        "Petunjuk memasak Brekecek",
        "Langkah-langkah membuat Brekecek",
        "Bahan-bahan untuk Brekecek",
        "Cara mengolah Brekecek",
        "Panduan Brekecek",
        "Cara mempersiapkan Brekecek",
        "Daftar bahan Brekecek",
        "Instruksi untuk membuat Brekecek",
        "Resep masakan Brekecek",
        "Metode Brekecek",
        "Langkah-langkah Brekecek yang mudah",
        "Bumbu dapur untuk Brekecek",
        "Tips membuat Brekecek",
        "Instruksi sederhana Brekecek",
        "Resep tradisional Brekecek",
        "Cara praktis membuat Brekecek",
        "Daftar komponen Brekecek",
        "Teknik memasak Brekecek",
        "Cara cepat Brekecek",
        "Metode tradisional Brekecek",
        "Panduan lengkap Brekecek"
      ],
      "responses":[
        "Brekecek<br> <img src=http://carica.id/wp-content/uploads/2022/01/Brekecek.jpg width=400 height=350 alt=Brekecek",
        "Bahan-bahan : <br>500 gram ikan kembung, 3 ikat daun kemangi, 1 buah tomat, 500 gram ikan kembung, 3 ikat daun kemangi, 1 buah tomat, 2 cm lengkuas (geprek), 2 lembar daun salam, 1 batang serai, memarkan. Bumbu halus: 6 siung bawang merah, 3 siung bawang putih, 5 buah cabe merah, 5 buah cabe rawit, 2 cm kunyit, 2 cm jahe, 2 buah kemiri, 1/4 sdt ketumbar 300 ml air, 1 sendok teh gula, sendok teh garam, Sedikit Minyak goreng.",
        "Cara membuat: <br>Cuci bersih semua bahan dan bumbu, Haluskan bumbu, potong tomat, geprek lengkuas & sereh, Tumis bumbu yang sudah dihaluskan hingga wangi,  Masukan ikan, aduk rata, Tambahkan air, lengkuas, sereh, daun salam, daun jeruk, gula dan garam. Aduk rata, Tunggu hingga mendidih, test rasa, Masukan daun kemangi dan potongan tomat, Tunggu hingga air meyusut, Brekecek ikan siap dihidangkan.",
        "Tempat Rekomendasi dari kami : Rumah Makan Brekecek Pathak Jahan Bu WIDI 0857-2878-8810 <a href= https://maps.app.goo.gl/n431QdcwwLQGrgLC6?g_st=ic  target= _blank > https://maps.app.goo.gl/n431QdcwwLQGrgLC6?g_st=ic </a>"
      ]
    },
    {
      "tag": "sejarahBrekecek",
      "patterns":[
        "Brekecek", 
        "Apa Itu Brekecek", 
        "Bagaimana sejarah Brekecek",
        "Pengertian Brekecek",
        "Apa yang dimaksud dengan Brekecek?",
        "Penjelasan tentang Brekecek",
        "Definisi Brekecek",
        "Informasi mengenai Brekecek",
        "Mengenal lebih jauh tentang Brekecek",
        "Apa Brekecek itu?",
        "Mengapa Brekecek populer?",
        "Brekecek: Apa yang perlu Anda ketahui?",
        "Sejarah dan keunikan Brekecek",
        "Panduan lengkap mengenai Brekecek",
        "Apa rahasia di balik Brekecek?",
        "Brekecek dalam perspektif kuliner",
        "Asal-usul dan perkembangan Brekecek",
        "Brekecek: Citraan kuliner yang menggugah selera",
        "Menikmati kelezatan Brekecek",
        "Fakta menarik tentang Brekecek",
        "Terinspirasi oleh kelezatan Brekecek",
        "Mencicipi keunikan Brekecek",
        "Menelusuri sejarah Brekecek",
        "Eksplorasi kuliner: Brekecek"
      ],
      "responses":[
        "Brekecek menjadi ikon kuliner yang tak meninggalkan ciri khas wisata di Cilacap. Dari namanya, 'Brek' artinya diletakkan. 'Kecek' merupakan sebutan untuk bumbu-bumbu masakan ini yang dibuat seperti rica-rica. Jadi, Brekecek merupakan masakan dengan bumbu yang mirip rica-rica dan cara memasaknya diletakkan dan didiamkan."      
      ]
    },
    {
      "tag": "terimakasih",
      "patterns": [
        "terima kasih",
        "terimakasih",
        "cukup",
        "Dah",
        "Dadah",
        "Bye",
        "Byee",
        "Good bye",
        "Selamat tinggal",
        "Sampai jumpa",
        "Bai",
        "See you"
      ],
      "responses": [
        "sampai jumpa lagi, semoga harimu menyenangkan yaa!"
      ]
    }
  ]
}